Floor,Location,ComputerName,SerialNumber,WindowsEdition,MACAddress,CitrixVersion,CiscoExt,PCModel,CPU,RAM,IPAddress,DisplayVersion,OSVersion,CitrixName,RecordedDateTime,Updateby
11,01A,T-Mob1000011,4CE1290XP2,Windows 10  10.0.19045,00-68-EB-CC-A9-C9,23.11.1.140,11434,na,na,na,na,22H2,10.0.19045,Citrix Workspace 2311,3/12/2024 0:00,mlanoc
11,01B,T-Mob1000213,6H4JMJ3,Windows 10  10.0.19045,C0-25-A5-8A-67-8E,23.11.1.140,10359,na,na,na,na,22H2,10.0.19045,Citrix Workspace 2311,3/12/2024 0:00,mlanoc
11,01C,T-Mob1000028,4CE1290XY7,Windows 10  10.0.19045,00-68-EB-CC-AB-78,23.11.1.140,11463,na,na,na,na,22H2,10.0.19045,Citrix Workspace 2311,3/12/2024 0:00,mlanoc
11,01D,T-Mob1001044,7T4JMJ3,Windows 10  10.0.19045,C0-25-A5-91-4C-B8,23.11.1.140,10221,na,na,na,na,22H2,10.0.19045,Citrix Workspace 2311,3/12/2024 0:00,mlanoc
11,01E,T-Mob1000029,4CE1290XPV,Windows 10  10.0.19045,00-68-EB-CC-B1-09,23.11.1.140,11430,na,na,na,na,22H2,10.0.19045,Citrix Workspace 2311,3/12/2024 0:00,mlanoc
11,01F,T-Mob100133,4CE1290XX0,Windows 10  10.0.19045,00-68-EB-CC-9D-DA,23.11.1.140,11039,na,na,na,na,22H2,10.0.19045,Citrix Workspace 2311,3/12/2024 0:00,mlanoc
11,01G,T-Mob1000025,4CE1290XQD,Windows 10  10.0.19045,00-68-EB-CC-AC-DE,23.11.1.140,11433,na,na,na,na,22H2,10.0.19045,Citrix Workspace 2311,3/12/2024 0:00,mlanoc
11,02A,T-MOB1000031,4CE1290XYD,Windows 10  10.0.19045,00-68-EB-CC-AA-A9,23.11.1.140,11437,na,na,na,na,22H2,10.0.19045,Citrix Workspace 2311,3/12/2024 0:00,mlanoc
11,02B,T-Mob1000214X,9L4JMJ3,Windows 10  10.0.19045,C0-25-A5-8A-68-39,23.11.1.140,10076,na,na,na,na,22H2,10.0.19045,Citrix Workspace 2311,3/12/2024 0:00,mlanoc
11,02C,T-MOB1000019,4CE1290XVF,Windows 10  10.0.19045,00-68-EB-CC-A9-BA,23.11.1.140,11449,na,na,na,na,22H2,10.0.19045,Citrix Workspace 2311,3/12/2024 0:00,mlanoc
11,02D,T-MOB1000016,4CE1290XY1,Windows 10  10.0.19045,00-68-EB-CC-AB-6A,23.11.1.140,11447,na,na,na,na,22H2,10.0.19045,Citrix Workspace 2311,3/12/2024 0:00,mlanoc
11,02E,T-MOB100147,4CE1290XQF,Windows 10  10.0.19045,00-68-EB-CC-AE-E3,23.11.1.140,11140,na,na,na,na,22H2,10.0.19045,Citrix Workspace 2311,3/12/2024 0:00,mlanoc
11,02F,T-MOB1000015,4CE1290XYV,Windows 10  10.0.19045,00-68-EB-CC-AD-97,23.11.1.140,11439,na,na,na,na,22H2,10.0.19045,Citrix Workspace 2311,3/12/2024 0:00,mlanoc
11,02G,T-Mob1000976,8CC0250FFS,Windows 10  10.0.19045,BC-E9-2F-84-AE-2D,23.11.1.140,10115,na,na,na,na,22H2,10.0.19045,Citrix Workspace 2311,3/12/2024 0:00,mlanoc
11,03B,T-Mob1001159,8CC1112GNJ,Windows 10  10.0.19045,6C-02-E0-9B-51-8C,23.11.1.140,10355,na,na,na,na,22H2,10.0.19045,Citrix Workspace 2311,3/12/2024 0:00,mlanoc
11,03C,T-Mob1000659,3M4JMJ3,Windows 10  10.0.19045,C0-25-A5-88-F9-D7,23.11.1.140,10307,na,na,na,na,22H2,10.0.19045,Citrix Workspace 2311,3/12/2024 0:00,mlanoc
11,03D,T-Mob1000230,J34JMJ3,Windows 10  10.0.19045,C0-25-A5-91-49-47,23.11.1.140,10382,na,na,na,na,22H2,10.0.19045,Citrix Workspace 2311,3/12/2024 0:00,mlanoc
11,03E,T-Mob1001290,8CC1112GM8,Windows 10  10.0.19045,6C-02-E0-9B-51-F2,23.11.1.140,10175,na,na,na,na,22H2,10.0.19045,Citrix Workspace 2311,3/12/2024 0:00,mlanoc
11,03F,T-Mob100122,4CE1290XZ2,Windows 10  10.0.19045,00-68-EB-CC-9D-25,23.11.1.140,11053,na,na,na,na,22H2,10.0.19045,Citrix Workspace 2311,3/12/2024 0:00,mlanoc
11,03G,T-Mob1000228,C95JMJ3,Windows 10  10.0.19045,C0-25-A5-88-E3-13,23.11.1.140,10273,na,na,na,na,22H2,10.0.19045,Citrix Workspace 2311,3/12/2024 0:00,mlanoc
11,04A,T-Mob1001292,8CC0250FB1,Windows 10  10.0.19045,BC-E9-2F-84-AD-F6,23.11.1.140,10366,na,na,na,na,22H2,10.0.19045,Citrix Workspace 2311,3/12/2024 0:00,mlanoc
11,04B,T-MOB1000120,FB4JMJ3,Windows 10  10.0.19045,C0-25-A5-91-43-38,23.11.1.140,11645,na,na,na,na,22H2,10.0.19045,Citrix Workspace 2311,3/12/2024 0:00,mlanoc
11,04C,T-Mob1001145,8CC0250FBN,Windows 10  10.0.19045,BC-E9-2F-84-AD-E3,23.11.1.140,10172,na,na,na,na,22H2,10.0.19045,Citrix Workspace 2311,3/12/2024 0:00,mlanoc
11,04D,T-MOB100131,4CE1290XSS,Windows 10  10.0.19045,00-68-EB-CC-4A-B7,23.11.1.140,11042,na,na,na,na,22H2,10.0.19045,Citrix Workspace 2311,3/12/2024 0:00,mlanoc
11,04E,T-MOB1000071,8CC0250FKJ,Windows 10  10.0.19045,BC-E9-2F-85-D3-CB,23.11.1.140,10213,na,na,na,na,22H2,10.0.19045,Citrix Workspace 2311,3/12/2024 0:00,mlanoc
11,04F,T-MOB1000641,965JMJ3,Windows 10  10.0.19045,C0-25-A5-8A-6E-5E,23.11.1.140,10365,na,na,na,na,22H2,10.0.19045,Citrix Workspace 2311,3/12/2024 0:00,mlanoc
11,04G,T-Mob1001143,8CC0460656,Windows 10  10.0.19045,F8-0D-AC-2B-D4-EF,23.11.1.140,10759,na,na,na,na,22H2,10.0.19045,Citrix Workspace 2311,3/12/2024 0:00,mlanoc
11,05A,T-Mob100108,4CE1290Y22,Windows 10  10.0.19045,00-68-EB-CC-B0-3A,23.11.1.140,11034,na,na,na,na,22H2,10.0.19045,Citrix Workspace 2311,3/12/2024 0:00,mlanoc
11,05B,T-Mob1000111,3F4JMJ3,Windows 10  10.0.19045,C0-25-A5-91-47-85,23.11.1.140,10069,na,na,na,na,22H2,10.0.19045,Citrix Workspace 2311,3/12/2024 0:00,mlanoc
11,05C,T-Mob100159,4CE1290XWR,Windows 10  10.0.19045,00-68-EB-CC-9A-78,23.11.1.140,10216,na,na,na,na,22H2,10.0.19045,Citrix Workspace 2311,3/12/2024 0:00,mlanoc
11,05D,T-Mob1000229,4W4JMJ3,Windows 10  10.0.19045,C0-25-A5-8A-5E-10,23.11.1.140,10313,na,na,na,na,22H2,10.0.19045,Citrix Workspace 2311,3/12/2024 0:00,mlanoc
11,05E,T-Mob1000935,8CC0250FHH,Windows 10  10.0.19045,BC-E9-2F-85-D5-D0,23.11.1.140,10319,na,na,na,na,22H2,10.0.19045,Citrix Workspace 2311,3/12/2024 0:00,mlanoc
11,05F,T-Mob1000235,4X4JMJ3,Windows 10  10.0.19045,C0-25-A5-8A-6E-58,23.11.1.140,10253,na,na,na,na,22H2,10.0.19045,Citrix Workspace 2311,3/12/2024 0:00,mlanoc
11,05G,T-Mob1001291,8CC1112GQL,Windows 10  10.0.19045,6C-02-E0-9B-45-99,23.11.1.140,10898,na,na,na,na,22H2,10.0.19045,Citrix Workspace 2311,3/12/2024 0:00,mlanoc
11,06A,T-Mob1000941,8CC0250FBY,Windows 10  10.0.19045,BC-E9-2F-84-AD-ED,23.11.1.140,10386,na,na,na,na,22H2,10.0.19045,Citrix Workspace 2311,3/12/2024 0:00,mlanoc
11,06B,T-Mob1000167,5W4JMJ3,Windows 10  10.0.19045,C0-25-A5-8A-5C-B8,23.11.1.140,10137,na,na,na,na,22H2,10.0.19045,Citrix Workspace 2311,3/12/2024 0:00,mlanoc
11,06C,T-Mob1000996,8CC9325F4P,Windows 10  10.0.19045,F8-B4-6A-AC-93-86,23.11.1.140,10762,na,na,na,na,22H2,10.0.19045,Citrix Workspace 2311,3/12/2024 0:00,mlanoc
11,06D,T-Mob1000565,C7NWKJ3,Windows 10  10.0.19045,C0-25-A5-8A-70-F9,23.11.1.140,11644,na,na,na,na,22H2,10.0.19045,Citrix Workspace 2311,3/12/2024 0:00,mlanoc
11,06E,T-Mob1000994,8CC9325F4T,Windows 10  10.0.19045,F8-B4-6A-AC-92-06,23.11.1.140,10768,na,na,na,na,22H2,10.0.19045,Citrix Workspace 2311,3/12/2024 0:00,mlanoc
11,06F,T-Mob1000995,8CC9325F5F,Windows 10  10.0.19045,F8-B4-6A-AC-91-38,23.11.1.140,10766,na,na,na,na,22H2,10.0.19045,Citrix Workspace 2311,3/12/2024 0:00,mlanoc
11,06G,T-Mob1000262,2C4JMJ3,Windows 10  10.0.19045,C0-25-A5-91-43-50,23.11.1.140,11650,na,na,na,na,22H2,10.0.19045,Citrix Workspace 2311,3/12/2024 0:00,mlanoc
11,07A,T-MOB100159,TMOB1000942,Windows 10  10.0.19045,BC-E9-2F-85-D3-B2,23.11.1.140,11779,na,na,na,na,22H2,10.0.19045,Citrix Workspace 2311,3/12/2024 0:00,mlanoc
11,07B,T-Mob1001275,8CC0250FBF,Windows 10  10.0.19045,BC-E9-2F-84-AE-02,23.11.1.140,11906,na,na,na,na,22H2,10.0.19045,Citrix Workspace 2311,3/12/2024 0:00,mlanoc
11,07C,T-Mob1000177,G0TSNJ3,Windows 10  10.0.19045,C0-25-A5-91-48-BA,23.11.1.140,10372,na,na,na,na,22H2,10.0.19045,Citrix Workspace 2311,3/12/2024 0:00,mlanoc
11,07D,T-MOB0443,D0K2SF3,Windows 10  10.0.19045,A4-BB-6D-80-22-5D,23.11.1.140,10267,na,na,na,na,22H2,10.0.19045,Citrix Workspace 2311,3/12/2024 0:00,mlanoc
11,07E,T-Mob1001276,JPK2SF3,Windows 10  10.0.19045,A4-BB-6D-83-93-08,23.11.1.140,11207,na,na,na,na,22H2,10.0.19045,Citrix Workspace 2311,3/12/2024 0:00,mlanoc
11,07F,T-Mob1001277,8CC0250FJY,Windows 10  10.0.19045,BC-E9-2F-85-D3-B6,23.11.1.140,10374,na,na,na,na,22H2,10.0.19045,Citrix Workspace 2311,3/12/2024 0:00,mlanoc
11,07G,T-Mob1000276,5P4JMJ3,Windows 10  10.0.19045,C0-25-A5-91-47-7D,23.11.1.140,10229,na,na,na,na,22H2,10.0.19045,Citrix Workspace 2311,3/12/2024 0:00,mlanoc
11,08A,T-Mob1000992,8CC0250FH9,Windows 10  10.0.19045,BC-E9-2F-85-D3-AF,23.11.1.140,10255,na,na,na,na,22H2,10.0.19045,Citrix Workspace 2311,3/12/2024 0:00,mlanoc
11,08B,T-Mob1001298,2DK2SF3,Windows 10  10.0.19045,A4-BB-6D-80-6A-72,23.11.1.140,11210,na,na,na,na,22H2,10.0.19045,Citrix Workspace 2311,3/12/2024 0:00,mlanoc
11,08C,T-Mob1001167,8CC0250FD7,Windows 10  10.0.19045,BC-E9-2F-84-AE-A4,23.11.1.140,10233,na,na,na,na,22H2,10.0.19045,Citrix Workspace 2311,3/12/2024 0:00,mlanoc
11,08D,T-Mob1000004,4CE1290XX4,Windows 10  10.0.19045,00-68-EB-CC-9C-9A,23.11.1.140,11288,na,na,na,na,22H2,10.0.19045,Citrix Workspace 2311,3/12/2024 0:00,mlanoc
11,08E,T-Mob1001293,8CC0250FK9,Windows 10  10.0.19045,BC-E9-2F-85-D3-D1,23.11.1.140,10236,na,na,na,na,22H2,10.0.19045,Citrix Workspace 2311,3/12/2024 0:00,mlanoc
11,08F,T-MOB1000170,974JMJ3,Windows 10  10.0.19045,C0-25-A5-91-4C-5E,23.11.1.140,10800,na,na,na,na,22H2,10.0.19045,Citrix Workspace 2311,3/12/2024 0:00,mlanoc
11,08G,T-MOB151,8CC0250FJ4,Windows 10  10.0.19045,BC-E9-2F-85-D5-CF,23.11.1.140,10234,na,na,na,na,22H2,10.0.19045,Citrix Workspace 2311,3/12/2024 0:00,mlanoc
11,09A,T-Mob1001297,4CE1290XTV,Windows 10  10.0.19045,00-68-EB-CC-AD-37,23.11.1.140,11293,na,na,na,na,22H2,10.0.19045,Citrix Workspace 2311,3/12/2024 0:00,mlanoc
11,09B,T-Mob1001294,8CC9220JHV,Windows 10  10.0.19045,80-E8-2C-11-A6-F1,23.11.1.140,10811,na,na,na,na,22H2,10.0.19045,Citrix Workspace 2311,3/12/2024 0:00,mlanoc
11,09C,T-Mob1001296,8CC0250FB6,Windows 10  10.0.19045,BC-E9-2F-84-AD-FE,23.11.1.140,10230,na,na,na,na,22H2,10.0.19045,Citrix Workspace 2311,3/12/2024 0:00,mlanoc
11,09D,T-MOB1000113,FT4JMJ3,Windows 10  10.0.19045,C0-25-A5-91-46-99,23.11.1.140,11593,na,na,na,na,22H2,10.0.19045,Citrix Workspace 2311,3/12/2024 0:00,mlanoc
11,09E,T-Mob1001295,8CC0250FCT,Windows 10  10.0.19045,BC-E9-2F-85-D3-FF,23.11.1.140,10231,na,na,na,na,22H2,10.0.19045,Citrix Workspace 2311,3/12/2024 0:00,mlanoc
11,09F,T-Mob1000189X,CV4JMJ3,Windows 10  10.0.19045,C0-25-A5-8A-63-54,23.11.1.140,10331,na,na,na,na,22H2,10.0.19045,Citrix Workspace 2311,3/12/2024 0:00,mlanoc
11,09G,T-Mob1001169,8CC0250FKK,Windows 10  10.0.19045,BC-E9-2F-85-D3-C6,23.11.1.140,10244,na,na,na,na,22H2,10.0.19045,Citrix Workspace 2311,3/12/2024 0:00,mlanoc
11,10A,T-Mob1000022,4CE1290XQY,Windows 10  10.0.19045,00-68-EB-CC-AD-87,23.11.1.140,11452,na,na,na,na,22H2,10.0.19045,Citrix Workspace 2311,3/12/2024 0:00,mlanoc
11,10B,T-Mob1000023,4CE1290XXK,Windows 10  10.0.19045,00-68-EB-CC-9B-83,23.11.1.140,10334,na,na,na,na,22H2,10.0.19045,Citrix Workspace 2311,3/12/2024 0:00,mlanoc
11,10C,T-Mob100058,4CE1290XSB,Windows 10  10.0.19045,00-68-EB-CC-AA-2F,23.11.1.140,10204,na,na,na,na,22H2,10.0.19045,Citrix Workspace 2311,3/12/2024 0:00,mlanoc
11,10D,T-Mob1000898,4M7BZR3,Windows 10  10.0.19045,00-BE-43-F6-F9-BF,23.11.1.140,10222,na,na,na,na,22H2,10.0.19045,Citrix Workspace 2311,3/12/2024 0:00,mlanoc
11,10E,T-Mob100129,4CE1290XP5,Windows 10  10.0.19045,00-68-EB-CC-AC-FC,23.11.1.140,11046,na,na,na,na,22H2,10.0.19045,Citrix Workspace 2311,3/12/2024 0:00,mlanoc
11,10F,T-Mob1001302,8CC0250FD0,Windows 10  10.0.19045,BC-E9-2F-85-D5-20,23.11.1.140,10232,na,na,na,na,22H2,10.0.19045,Citrix Workspace 2311,3/12/2024 0:00,mlanoc
11,10G,T-Mob1000180,BL4JMJ3,Windows 10  10.0.19045,C0-25-A5-8A-67-89,23.11.1.140,10258,na,na,na,na,22H2,10.0.19045,Citrix Workspace 2311,3/12/2024 0:00,mlanoc
11,11A,T-Mob1001300,8CC046065L,Windows 10 10.0.19045,F8-0D-AC-2B-D4-C5,23.11.1.140,10745,na,na,na,na,22H2,10.0.19045,Citrix Workspace 2311,3/12/2024 0:00,mlanoc
11,11B,T-Mob100125,4CE1290XSP,Windows 10 10.0.19045,00-68-EB-CC-B0-FE,23.11.1.140,11033,na,na,na,na,22H2,10.0.19045,Citrix Workspace 2311,3/12/2024 0:00,mlanoc
11,11C,T-Mob1001301,8CC046062W,Windows 10 10.0.19045,F8-0D-AC-2B-D3-7F,23.11.1.140,10227,na,na,na,na,22H2,10.0.19045,Citrix Workspace 2311,3/12/2024 0:00,mlanoc
11,11D,T-Mob100132,4CE1290XP7,Windows 10 10.0.19045,00-68-EB-CC-AD-E9,23.11.1.140,11051,na,na,na,na,22H2,10.0.19045,Citrix Workspace 2311,3/12/2024 0:00,mlanoc
11,11E,T-MOB100053,4CE1290XZ5,Windows 10  10.0.19045,C0-25-A5-8A-6C-F3,23.11.1.140,11231,na,na,na,na,22H2,10.0.19045,Citrix Workspace 2311,3/12/2024 0:00,mlanoc
11,11F,T-Mob1000183,654JMJ3,Windows 10 10.0.19045,C0-25-A5-91-4D-13,23.11.1.140,11024,na,na,na,na,22H2,10.0.19045,Citrix Workspace 2311,3/12/2024 0:00,mlanoc
11,11G,T-Mob1001303,8CC0250FLB,Windows 10 10.0.19045,BC-E9-2F-86-71-63,23.11.1.140,10206,na,na,na,na,22H2,10.0.19045,Citrix Workspace 2311,3/12/2024 0:00,mlanoc
11,12A,T-Mob1001307,8CC046065X,Windows 10  10.0.19045,F8-0D-AC-1C-EF-A5,23.11.1.140,10149,na,na,na,na,22H2,10.0.19045,Citrix Workspace 2311,3/12/2024 0:00,mlanoc
11,12B,T-Mob100118,4CE1290XVJ,Windows 10  10.0.19045,00-68-EB-CC-9C-1A,23.11.1.140,11041,na,na,na,na,22H2,10.0.19045,Citrix Workspace 2311,3/12/2024 0:00,mlanoc
11,12C,T-Mob100077,4CE1290XZ9,Windows 10  10.0.19045,00-68-EB-CC-AB-95,23.11.1.140,11299,na,na,na,na,22H2,10.0.19045,Citrix Workspace 2311,3/12/2024 0:00,mlanoc
11,12D,T-Mob100119,4CE1290XS3,Windows 10  10.0.19045,00-68-EB-CC-A9-9C,23.11.1.140,11031,na,na,na,na,22H2,10.0.19045,Citrix Workspace 2311,3/12/2024 0:00,mlanoc
11,12E,T-Mob1000603,8CC0250FFT,Windows 10  10.0.19045,BC-E9-2F-84-AE-31,23.11.1.140,10196,na,na,na,na,22H2,10.0.19045,Citrix Workspace 2311,3/12/2024 0:00,mlanoc
11,12F,T-Mob1000176,4G4JMJ3,Windows 10  10.0.19045,C0-25-A5-88-FA-E7,23.11.1.140,11819,na,na,na,na,22H2,10.0.19045,Citrix Workspace 2311,3/12/2024 0:00,mlanoc
11,12G,T-Mob1001305,8CC0250FLH,Windows 10  10.0.19045,BC-E9-2F-86-81-1B,23.11.1.140,10198,na,na,na,na,22H2,10.0.19045,Citrix Workspace 2311,3/12/2024 0:00,mlanoc
11,13A,T-Mob1000224,885JMJ3,Windows 10  10.0.19045,C0-25-A5-8A-70-5B,23.11.1.140,11280,na,na,na,na,22H2,10.0.19045,Citrix Workspace 2311,3/12/2024 0:00,mlanoc
11,13B,T-Mob1001308,4CE1290XNX,Windows 10  10.0.19045,00-68-EB-CC-AA-00,23.11.1.140,11021,na,na,na,na,22H2,10.0.19045,Citrix Workspace 2311,3/12/2024 0:00,mlanoc
11,13C,T-Mob1001306,8CC0250FJD,Windows 10  10.0.19045,BC-E9-2F-85-D5-DD,23.11.1.140,10035,na,na,na,na,22H2,10.0.19045,Citrix Workspace 2311,3/12/2024 0:00,mlanoc
11,13D,T-Mob100103,4CE1290XWH,Windows 10  10.0.19045,00-68-EB-CC-9C-CB,23.11.1.140,11058,na,na,na,na,22H2,10.0.19045,Citrix Workspace 2311,3/12/2024 0:00,mlanoc
11,13E,T-Mob100151,4CE1290XZT,Windows 10  10.0.19045,00-68-EB-CC-A9-4D,23.11.1.140,11094,na,na,na,na,22H2,10.0.19045,Citrix Workspace 2311,3/12/2024 0:00,mlanoc
11,13F,T-Mob1000187,264JMJ3,Windows 10  10.0.19045,C0-25-A5-91-45-F3,23.11.1.140,10309,na,na,na,na,22H2,10.0.19045,Citrix Workspace 2311,3/12/2024 0:00,mlanoc
11,13G,T-Mob1001009,8CC1112GMC,Windows 10  10.0.19045,6C-02-E0-9B-45-E5,23.11.1.140,10179,na,na,na,na,22H2,10.0.19045,Citrix Workspace 2311,3/12/2024 0:00,mlanoc
11,14A,T-Mob1000217X,CF4JMJ3,Windows 10  10.0.19045,C0-25-A5-8A-67-75,23.11.1.140,10235,na,na,na,na,22H2,10.0.19045,Citrix Workspace 2311,3/12/2024 0:00,mlanoc
11,14B,T-Mob1001309,8CC0250FGH,Windows 10  10.0.19045,BC-E9-2F-84-AE-1B,23.11.1.140,10870,na,na,na,na,22H2,10.0.19045,Citrix Workspace 2311,3/12/2024 0:00,mlanoc
11,14C,T-Mob1000933,4CE1290XSF,Windows 10  10.0.19045,00-68-EB-CC-4A-C4,23.11.1.140,11138,na,na,na,na,22H2,10.0.19045,Citrix Workspace 2311,3/12/2024 0:00,mlanoc
11,14D,T-Mob1001310,8CC0250F9S,Windows 10  10.0.19045,BC-E9-2F-85-D5-0C,23.11.1.140,10125,na,na,na,na,22H2,10.0.19045,Citrix Workspace 2311,3/12/2024 0:00,mlanoc
11,14E,T-Mob1001050,8CC0250FKR,Windows 10  10.0.19045,BC-E9-2F-85-D3-C2,23.11.1.140,10339,na,na,na,na,22H2,10.0.19045,Citrix Workspace 2311,3/12/2024 0:00,mlanoc
11,14F,T-Mob1001312,8CC0250FCX,Windows 10  10.0.19045,BC-E9-2F-85-D5-0E,23.11.1.140,10371,na,na,na,na,22H2,10.0.19045,Citrix Workspace 2311,3/12/2024 0:00,mlanoc
11,14G,T-Mob100072,4CE1290XNR,Windows 10  10.0.19045,00-68-EB-CC-AD-4E,23.11.1.140,11099,na,na,na,na,22H2,10.0.19045,Citrix Workspace 2311,3/12/2024 0:00,mlanoc
11,15A,T-Mob1000156,1V4JMJ3,Windows 10  10.0.19045,C0-25-A5-8A-5C-BC,23.11.1.140,10285,na,na,na,na,22H2,10.0.19045,Citrix Workspace 2311,3/12/2024 0:00,mlanoc
11,15B,T-Mob1000239,HX4JMJ3,Windows 10  10.0.19045,C0-25-A5-8A-5D-EA,23.11.1.140,10325,na,na,na,na,22H2,10.0.19045,Citrix Workspace 2311,3/12/2024 0:00,mlanoc
11,15C,T-Mob1000232,174JMJ3,Windows 10  10.0.19045,C0-25-A5-91-44-C5,23.11.1.140,10289,na,na,na,na,22H2,10.0.19045,Citrix Workspace 2311,3/12/2024 0:00,mlanoc
11,15D,T-Mob1001311,8CC1112GP6,Windows 10  10.0.19045,6C-02-E0-9B-53-93,23.11.1.140,10882,na,na,na,na,22H2,10.0.19045,Citrix Workspace 2311,3/12/2024 0:00,mlanoc
11,15E,T-Mob100079,4CE1290XTP,Windows 10  10.0.19045,00-68-EB-CC-AD-70,23.11.1.140,11081,na,na,na,na,22H2,10.0.19045,Citrix Workspace 2311,3/12/2024 0:00,mlanoc
11,15F,T-Mob1000990,8CC9220JHS,Windows 10  10.0.19045,80-E8-2C-11-A6-F4,23.11.1.140,11948,na,na,na,na,22H2,10.0.19045,Citrix Workspace 2311,3/12/2024 0:00,mlanoc
11,15G,T-Mob100136,4CE1290XSW,Windows 10  10.0.19045,00-68-EB-CC-9A-A2,23.11.1.140,11144,na,na,na,na,22H2,10.0.19045,Citrix Workspace 2311,3/12/2024 0:00,mlanoc
11,16A,T-Mob1000756,8CC1112GPH,Windows 10  10.0.19045,6C-02-E0-9B-53-D0,23.11.1.140,10356,na,na,na,na,22H2,10.0.19045,Citrix Workspace 2311,3/12/2024 0:00,mlanoc
11,16B,T-Mob1000236,81TSNJ3,Windows 10  10.0.19045,C0-25-A5-91-48-5D,23.11.1.140,11490,na,na,na,na,22H2,10.0.19045,Citrix Workspace 2311,3/12/2024 0:00,mlanoc
11,16C,T-Mob1001248,8CC91752G8,Windows 10  10.0.19045,C4-65-16-B1-48-FE,23.11.1.140,10028,na,na,na,na,22H2,10.0.19045,Citrix Workspace 2311,3/12/2024 0:00,mlanoc
11,16D,T-Mob1000117,3Q4JMJ3,Windows 10  10.0.19045,C0-25-A5-91-4D-34,23.11.1.140,10284,na,na,na,na,22H2,10.0.19045,Citrix Workspace 2311,3/12/2024 0:00,mlanoc
11,16E,T-Mob1001314,8CC0250FLM,Windows 10  10.0.19045,BC-E9-2F-85-D8-64,23.11.1.140,10252,na,na,na,na,22H2,10.0.19045,Citrix Workspace 2311,3/12/2024 0:00,mlanoc
11,16F,T-Mob1001313,8CC0250FCJ,Windows 10  10.0.19045,BC-E9-2F-85-D5-30,23.11.1.140,10176,na,na,na,na,22H2,10.0.19045,Citrix Workspace 2311,3/12/2024 0:00,mlanoc
11,16G,T-Mob1000914,6CR4160WNC,Windows 10  10.0.19045,A0-D3-C1-17-A2-56,23.11.1.140,11813,na,na,na,na,22H2,10.0.19045,Citrix Workspace 2311,3/12/2024 0:00,mlanoc
11,17A,T-MOB100153,4CE1290Y0G,Windows 10  10.0.19045,00-68-EB-CC-9B-87,23.11.1.140,11082,na,na,na,na,22H2,10.0.19045,Citrix Workspace 2311,3/12/2024 0:00,mlanoc
11,17B,T-Mob1001181,8CC91752G9,Windows 10  10.0.19045,C4-65-16-B1-4A-93,23.11.1.140,10012,na,na,na,na,22H2,10.0.19045,Citrix Workspace 2311,3/12/2024 0:00,mlanoc
11,17C,T-Mob1000240,JH4JMJ3,Windows 10  10.0.19045,C0-25-A5-8A-69-AD,23.11.1.140,11491,na,na,na,na,22H2,10.0.19045,Citrix Workspace 2311,3/12/2024 0:00,mlanoc
11,17D,T-Mob100078X,4CE1290XSZ,Windows 10  10.0.19045,00-68-EB-CC-AB-98,23.11.1.140,11133,na,na,na,na,22H2,10.0.19045,Citrix Workspace 2311,3/12/2024 0:00,mlanoc
11,17E,T-Mob100004,4CE1290XVW,Windows 10  10.0.19045,00-68-EB-CC-9D-0F,23.11.1.140,11196,na,na,na,na,22H2,10.0.19045,Citrix Workspace 2311,3/12/2024 0:00,mlanoc
11,17F,T-Mob1001183,8CC0250FKV,Windows 10  10.0.19045,BC-E9-2F-86-81-07,23.11.1.140,10256,na,na,na,na,22H2,10.0.19045,Citrix Workspace 2311,3/12/2024 0:00,mlanoc
11,17G,T-Mob1001182,8CC9220JJ6,Windows 10  10.0.19045,80-E8-2C-11-A7-5C,23.11.1.140,10294,na,na,na,na,22H2,10.0.19045,Citrix Workspace 2311,3/12/2024 0:00,mlanoc
11,18A,T-Mob1000949,8CC91752GK,Windows 10  10.0.19045,C4-65-16-B1-48-FD,23.11.1.140,10025,na,na,na,na,22H2,10.0.19045,Citrix Workspace 2311,3/12/2024 0:00,mlanoc
11,18B,T-Mob1000447,B64JMJ3,Windows 10  10.0.19045,C0-25-A5-91-45-EE,23.11.1.140,10021,na,na,na,na,22H2,10.0.19045,Citrix Workspace 2311,3/12/2024 0:00,mlanoc
11,18C,T-Mob100138,4CE1290XNW,Windows 10  10.0.19045,00-68-EB-CC-AD-2F,23.11.1.140,11199,na,na,na,na,22H2,10.0.19045,Citrix Workspace 2311,3/12/2024 0:00,mlanoc
11,18D,T-Mob1000395,355JMJ3,Windows 10  10.0.19045,C0-25-A5-8A-65-91,23.11.1.140,10029,na,na,na,na,22H2,10.0.19045,Citrix Workspace 2311,3/12/2024 0:00,mlanoc
11,18E,T-Mob1000227,CL4JMJ3,Windows 10  10.0.19045,C0-25-A5-8A-67-73,23.11.1.140,11995,na,na,na,na,22H2,10.0.19045,Citrix Workspace 2311,3/12/2024 0:00,mlanoc
11,18F,T-Mob1000278,F35JMJ3,Windows 10  10.0.19045,C0-25-A5-91-46-FB,23.11.1.140,10091,na,na,na,na,22H2,10.0.19045,Citrix Workspace 2311,3/12/2024 0:00,mlanoc
11,18G,T-Mob100089,4CE1290Y0D,Windows 10  10.0.19045,00-68-EB-CC-9B-FF,23.11.1.140,11201,na,na,na,na,22H2,10.0.19045,Citrix Workspace 2311,3/12/2024 0:00,mlanoc
11,19A,T-Mob1000979,8CC9220JGM,Windows 10  10.0.19045,80-E8-2C-11-A5-C4,23.11.1.140,10753,na,na,na,na,22H2,10.0.19045,Citrix Workspace 2311,3/12/2024 0:00,mlanoc
11,19B,T-Mob1000175,3V4JMJ3,Windows 10  10.0.19045,C0-25-A5-8A-63-BB,23.11.1.140,11996,na,na,na,na,22H2,10.0.19045,Citrix Workspace 2311,3/12/2024 0:00,mlanoc
11,19C,T-Mob1001185,8CC9220JHR,Windows 10  10.0.19045,80-E8-2C-11-A6-EF,23.11.1.140,10138,na,na,na,na,22H2,10.0.19045,Citrix Workspace 2311,3/12/2024 0:00,mlanoc
11,19D,T-Mob1000114,21TSNJ3,Windows 10  10.0.19045,C0-25-A5-91-48-31,23.11.1.140,10220,na,na,na,na,22H2,10.0.19045,Citrix Workspace 2311,3/12/2024 0:00,mlanoc
11,19E,T-Mob1000948,8CC9220JGP,Windows 10  10.0.19045,80-E8-2C-11-A3-9A,23.11.1.140,10752,na,na,na,na,22H2,10.0.19045,Citrix Workspace 2311,3/12/2024 0:00,mlanoc
11,19F,T-Mob100056,4CE1290XZ3,Windows 10  10.0.19045,00-68-EB-CC-AA-E6,23.11.1.140,11093,na,na,na,na,22H2,10.0.19045,Citrix Workspace 2311,3/12/2024 0:00,mlanoc
11,19G,T-Mob100141,4CE1290Y16,Windows 10  10.0.19045,00-68-EB-CC-B0-70,23.11.1.140,11156,na,na,na,na,22H2,10.0.19045,Citrix Workspace 2311,3/12/2024 0:00,mlanoc
11,20A,T-Mob1001187,F0K2SF3,Windows 10  10.0.19045,A4-BB-6D-80-69-11,23.11.1.140,11934,na,na,na,na,22H2,10.0.19045,Citrix Workspace 2311,3/12/2024 0:00,mlanoc
11,20B,T-Mob1000331,544JMJ3,Windows 10  10.0.19045,C0-25-A5-91-4D-12,23.11.1.140,11800,na,na,na,na,22H2,10.0.19045,Citrix Workspace 2311,3/12/2024 0:00,mlanoc
11,20C,T-Mob1001186,8CC0250FCH,Windows 10  10.0.19045,BC-E9-2F-85-D5-31,23.11.1.140,11856,na,na,na,na,22H2,10.0.19045,Citrix Workspace 2311,3/12/2024 0:00,mlanoc
11,20D,T-Mob1000332,G44JMJ3,Windows 10  10.0.19045,C0-25-A5-91-42-FC,23.11.1.140,11802,na,na,na,na,22H2,10.0.19045,Citrix Workspace 2311,3/12/2024 0:00,mlanoc
11,20E,T-Mob1001357,9G4JMJ3,Windows 10  10.0.19045,C0-25-A5-8A-67-E7,23.11.1.140,11799,na,na,na,na,22H2,10.0.19045,Citrix Workspace 2311,3/12/2024 0:00,mlanoc
11,20F,T-Mob1000978,8CC0250FCY,Windows 10  10.0.19045,BC-E9-2F-85-D5-0F,23.11.1.140,11874,na,na,na,na,22H2,10.0.19045,Citrix Workspace 2311,3/12/2024 0:00,mlanoc
11,20G,T-Mob1000385,5L4JMJ3,Windows 10  10.0.19045,C0-25-A5-8A-67-79,23.11.1.140,11693,na,na,na,na,22H2,10.0.19045,Citrix Workspace 2311,3/12/2024 0:00,mlanoc
11,21A,T-Mob1001358,J2K2SF3,Windows 10  10.0.19045,A4-BB-6D-80-6A-DE,23.11.1.140,11182,na,na,na,na,22H2,10.0.19045,Citrix Workspace 2311,3/12/2024 0:00,mlanoc
11,21B,T-Mob1001188,C5K2SF3,Windows 10  10.0.19045,A4-BB-6D-80-79-26,23.11.1.140,11263,na,na,na,na,22H2,10.0.19045,Citrix Workspace 2311,3/12/2024 0:00,mlanoc
11,21C,T-Mob1000129,1R4JMJ3,Windows 10  10.0.19045,C0-25-A5-91-48-DE,23.11.1.140,10156,na,na,na,na,22H2,10.0.19045,Citrix Workspace 2311,3/12/2024 0:00,mlanoc
11,21D,T-Mob1001356,9DK2SF3,Windows 10  10.0.19045,A4-BB-6D-80-69-DB,23.11.1.140,11279,na,na,na,na,22H2,10.0.19045,Citrix Workspace 2311,3/12/2024 0:00,mlanoc
11,21E,T-Mob1001355,HFK2SF3,Windows 10  10.0.19045,A4-BB-6D-80-7B-DC,23.11.1.140,11205,na,na,na,na,22H2,10.0.19045,Citrix Workspace 2311,3/12/2024 0:00,mlanoc
11,21F,T-Mob1000326,D55JMJ3,Windows 10  10.0.19045,C0-25-A5-8A-6D-A8,23.11.1.140,11849,na,na,na,na,22H2,10.0.19045,Citrix Workspace 2311,3/12/2024 0:00,mlanoc
11,21G,T-Mob1000056,4CE1290XY3,Windows 10  10.0.19045,00-68-EB-CC-B0-5E,23.11.1.140,11427,na,na,na,na,22H2,10.0.19045,Citrix Workspace 2311,3/12/2024 0:00,mlanoc
11,22A,T-Mob1001246,8CC0250FGD,Windows 10  10.0.19045,BC-E9-2F-84-AE-15,23.11.1.140,11858,na,na,na,na,22H2,10.0.19045,Citrix Workspace 2311,3/12/2024 0:00,mlanoc
11,22B,T-Mob1000103,8R4JMJ3,Windows 10  10.0.19045,C0-25-A5-91-46-A9,23.11.1.140,10241,na,na,na,na,22H2,10.0.19045,Citrix Workspace 2311,3/12/2024 0:00,mlanoc
11,22C,T-Mob1000562,F84JMJ3,Windows 10  10.0.19045,C0-25-A5-91-49-6E,23.11.1.140,11554,na,na,na,na,22H2,10.0.19045,Citrix Workspace 2311,3/12/2024 0:00,mlanoc
11,22D,T-Mob1000196,FG4JMJ3,Windows 10  10.0.19045,C0-25-A5-8A-67-B1,23.11.1.140,11997,na,na,na,na,22H2,10.0.19045,Citrix Workspace 2311,3/12/2024 0:00,mlanoc
11,22E,T-Mob1001423,J1K2SF3,Windows 10  10.0.19045,A4-BB-6D-80-68-23,23.11.1.140,11176,na,na,na,na,22H2,10.0.19045,Citrix Workspace 2311,3/12/2024 0:00,mlanoc
11,22F,T-Mob1000525,GT3JMJ3,Windows 10  10.0.19045,C0-25-A5-91-42-B0,23.11.1.140,11829,na,na,na,na,22H2,10.0.19045,Citrix Workspace 2311,3/12/2024 0:00,mlanoc
11,22G,T-Mob1001354,4FK2SF3,Windows 10  10.0.19045,A4-BB-6D-80-67-C3,23.11.1.140,11808,na,na,na,na,22H2,10.0.19045,Citrix Workspace 2311,3/12/2024 0:00,mlanoc
11,23A,T-MOB1000512,6S4JMJ3,Windows 10 10.0.19045,C0-25-A5-91-44-C6,23.11.1.140,11859,na,na,na,na,22H2,10.0.19045,Citrix Workspace 2311,3/12/2024 0:00,mlanoc
11,23B,T-MOB1000510,JT3JMJ3,Windows 10 10.0.19045,C0-25-A5-91-45-F1,23.11.1.140,11777,na,na,na,na,22H2,10.0.19045,Citrix Workspace 2311,3/12/2024 0:00,mlanoc
11,23C,T-MOB1000061,8CC0250FDK,Windows 10 10.0.19045,BC-E9-2F-84-AE-85,23.11.1.140,10207,na,na,na,na,22H2,10.0.19045,Citrix Workspace 2311,3/12/2024 0:00,mlanoc
11,23D,T-MOB1000951,4CE1290XS0,Windows 10 10.0.19045,00-68-EB-CC-AD-35,23.11.1.140,11159,na,na,na,na,22H2,10.0.19045,Citrix Workspace 2311,3/12/2024 0:00,mlanoc
11,23E,T-MOB1000088,1B4JMJ3,Windows 10 10.0.19045,C0-25-A5-91-45-F6,23.11.1.140,11721,na,na,na,na,22H2,10.0.19045,Citrix Workspace 2311,3/12/2024 0:00,mlanoc
11,23F,T-MOB1000501,9W4JMJ3,Windows 10 10.0.19045,C0-25-A5-8A-5C-B0,23.11.1.140,11738,na,na,na,na,22H2,10.0.19045,Citrix Workspace 2311,3/12/2024 0:00,mlanoc
11,23G,T-Mob1000431,CT4JMJ3,Windows 10 10.0.19045,C0-25-A5-91-46-9B,23.11.1.140,11751,na,na,na,na,22H2,10.0.19045,Citrix Workspace 2311,3/12/2024 0:00,mlanoc
11,24A,T-MOB1000336,9K4JMJ3,Windows 10 10.0.19045,C0-25-A5-91-4A-65,23.11.1.140,11841,na,na,na,na,22H2,10.0.19045,Citrix Workspace 2311,3/12/2024 0:00,mlanoc
11,24B,T-MOB1001189,8CC0250FGQ,Windows 10 10.0.19045,BC-E9-2F-85-D5-16,23.11.1.140,10275,na,na,na,na,22H2,10.0.19045,Citrix Workspace 2311,3/12/2024 0:00,mlanoc
11,24C,T-MOB1000198,G84JMJ3,Windows 10 10.0.19045,C0-25-A5-91-4D-00,23.11.1.140,11488,na,na,na,na,22H2,10.0.19045,Citrix Workspace 2311,3/12/2024 0:00,mlanoc
11,24D,T-MOB1001190X,8CC0250FFY,Windows 10 10.0.19045,BC-E9-2F-84-AE-2F,23.11.1.140,10154,na,na,na,na,22H2,10.0.19045,Citrix Workspace 2311,3/12/2024 0:00,mlanoc
11,24E,T-MOB100137,4CE1290XW4,Windows 10 10.0.19045,00-68-EB-CC-9C-EF,23.11.1.140,11284,na,na,na,na,22H2,10.0.19045,Citrix Workspace 2311,3/12/2024 0:00,mlanoc
11,24F,T-Mob1001415,8CC9220JH8,Windows 10 10.0.19045,80-E8-2C-11-A6-51,23.11.1.140,10205,na,na,na,na,22H2,10.0.19045,Citrix Workspace 2311,3/12/2024 0:00,mlanoc
11,24G,T-MOB1000918,8CC0250FDC,Windows 10 10.0.19045,BC-E9-2F-84-AE-A8,23.11.1.140,10336,na,na,na,na,22H2,10.0.19045,Citrix Workspace 2311,3/12/2024 0:00,mlanoc
11,25A,T-MOB1000505,80TSNJ3,Windows 10 10.0.19045,C0-25-A5-91-47-E1,23.11.1.140,11973,na,na,na,na,22H2,10.0.19045,Citrix Workspace 2311,3/12/2024 0:00,mlanoc
11,25B,T-MOB1000616,8CC0250FGW,Windows 10 10.0.19045,BC-E9-2F-85-D5-14,23.11.1.140,11911,na,na,na,na,22H2,10.0.19045,Citrix Workspace 2311,3/12/2024 0:00,mlanoc
11,25C,T-Mob1000835,C08BZR3,Windows 10 10.0.19045,00-BE-43-F6-F5-BF,23.11.1.140,10146,na,na,na,na,22H2,10.0.19045,Citrix Workspace 2311,3/12/2024 0:00,mlanoc
11,25D,T-MOB100139,4CE1290XQ4,Windows 10 10.0.19045,00-68-EB-CC-AE-F6,23.11.1.140,11494,na,na,na,na,22H2,10.0.19045,Citrix Workspace 2311,3/12/2024 0:00,mlanoc
11,25E,T-MOB1000449,92TSNJ3,Windows 10 10.0.19045,C0-25-A5-91-49-84,23.11.1.140,11290,na,na,na,na,22H2,10.0.19045,Citrix Workspace 2311,3/12/2024 0:00,mlanoc
11,25F,T-MOB1000381,7L4JMJ3,Windows 10 10.0.19045,C0-25-A5-8A-6A-46,23.11.1.140,10269,na,na,na,na,22H2,10.0.19045,Citrix Workspace 2311,3/12/2024 0:00,mlanoc
11,25G,T-MOB1001315,4CE1290XP1,Windows 10 10.0.19045,00-68-EB-CC-A9-E8,23.11.1.140,11970,na,na,na,na,22H2,10.0.19045,Citrix Workspace 2311,3/12/2024 0:00,mlanoc
11,26A,T-MOB1000076,4M4JMJ3,Windows 10 10.0.19045,C025.A58A.683B,23.11.1.140,11059,na,na,na,na,22H2,10.0.19045,Citrix Workspace 2311,3/12/2024 0:00,mlanoc
11,26B,T-MOB1001259,8CC9220JHD,Windows 10 10.0.19045,80E8.2C11.A38B,23.11.1.140,10126,na,na,na,na,22H2,10.0.19045,Citrix Workspace 2311,3/12/2024 0:00,mlanoc
11,26C,T-MOB1000393,DN4JMJ3,Windows 10 10.0.19045,C025.A591.4850,23.11.1.140,10742,na,na,na,na,22H2,10.0.19045,Citrix Workspace 2311,3/12/2024 0:00,mlanoc
11,26D,T-MOB1001173,8CC91752GW,Windows 10 10.0.19045,C465.16B1.4A96,23.11.1.140,10383,na,na,na,na,22H2,10.0.19045,Citrix Workspace 2311,3/12/2024 0:00,mlanoc
11,26E,T-MOB1001260,244JMJ3,Windows 10 10.0.19045,C025.A591.49BB,23.11.1.140,10304,na,na,na,na,22H2,10.0.19045,Citrix Workspace 2311,3/12/2024 0:00,mlanoc
11,26F,na,na,na,na,na,na,na,na,na,na,22H2,10.0.19045,Citrix Workspace 2311,3/12/2024 0:00,mlanoc
11,26G,T-MOB1000568,9Z4JMJ3,Windows 10 10.0.19045,C025.A58A.5DF9,23.11.1.140,11029,na,na,na,na,22H2,10.0.19045,Citrix Workspace 2311,3/12/2024 0:00,mlanoc
11,27A,T-MOB1000045,4CE1290Y02,Windows 10 10.0.19045,0068.EBCC.ADC9,23.11.1.140,11092,na,na,na,na,22H2,10.0.19045,Citrix Workspace 2311,3/12/2024 0:00,mlanoc
11,27B,T-MOB1000425,394JMJ3,Windows 10 10.0.19045,C025.A591.41C4,23.11.1.140,11454,na,na,na,na,22H2,10.0.19045,Citrix Workspace 2311,3/12/2024 0:00,mlanoc
11,27C,T-MOB1000433,CK4JMJ3,Windows 10 10.0.19045,C025.A591.4D0F,23.11.1.140,11101,na,na,na,na,22H2,10.0.19045,Citrix Workspace 2311,3/12/2024 0:00,mlanoc
11,27D,T-MOB1001172,8CC0250FHX,Windows 10 10.0.19045,BCE9.2F85.D55D,23.11.1.140,10756,na,na,na,na,22H2,10.0.19045,Citrix Workspace 2311,3/12/2024 0:00,mlanoc
11,27E,T-MOB1000457,HC4JMJ3,Windows 10 10.0.19045,C025.A591.46DA,23.11.1.140,10251,na,na,na,na,22H2,10.0.19045,Citrix Workspace 2311,3/12/2024 0:00,mlanoc
11,27F,T-MOB1000556,H85JMJ3,Windows 10 10.0.19045,C025.A588.FA73,23.11.1.140,11890,na,na,na,na,22H2,10.0.19045,Citrix Workspace 2311,3/12/2024 0:00,mlanoc
11,27G,T-MOB1000034,4CE1290Y1R,Windows 10 10.0.19045,0068.EBCC.A96B,23.11.1.140,10160,na,na,na,na,22H2,10.0.19045,Citrix Workspace 2311,3/12/2024 0:00,mlanoc
11,28A,T-MOB1000373,DL4JMJ3,Windows 10 10.0.19045,C025.A58A.66D2,23.11.1.140,10080,na,na,na,na,22H2,10.0.19045,Citrix Workspace 2311,3/12/2024 0:00,mlanoc
11,28B,T-MOB1001299,8CC046064R,Windows 10 10.0.19045,F80D.AC2B.48EC,23.11.1.140,11869,na,na,na,na,22H2,10.0.19045,Citrix Workspace 2311,3/12/2024 0:00,mlanoc
11,28C,T-MOB1000046,4CE1290XRM,Windows 10 10.0.19045,0068.EBCC.A9A7,23.11.1.140,11443,na,na,na,na,22H2,10.0.19045,Citrix Workspace 2311,3/12/2024 0:00,mlanoc
11,28D,T-MOB1000132,345JMJ3,Windows 10 10.0.19045,C025.A591.472B,23.11.1.140,11759,na,na,na,na,22H2,10.0.19045,Citrix Workspace 2311,3/12/2024 0:00,mlanoc
11,28E,T-MOB1000496,7N4JMJ3,Windows 10 10.0.19045,C025.A591.47A5,23.11.1.140,11985,na,na,na,na,22H2,10.0.19045,Citrix Workspace 2311,3/12/2024 0:00,mlanoc
11,28F,T-MOB1000450,5H4JMJ3,Windows 10 10.0.19045,C025.A58A.6562,23.11.1.140,11062,na,na,na,na,22H2,10.0.19045,Citrix Workspace 2311,3/12/2024 0:00,mlanoc
11,28G,T-MOB1000566,FT3JMJ3,Windows 10 10.0.19045,C025.A591.4881,23.11.1.140,10113,na,na,na,na,22H2,10.0.19045,Citrix Workspace 2311,3/12/2024 0:00,mlanoc
11,29A,T-MOB1000045,8CC0250FDV,Windows 10 10.0.19045,BCE9.2F86.716E,23.11.1.140,11945,na,na,na,na,22H2,10.0.19045,Citrix Workspace 2311,3/12/2024 0:00,mlanoc
11,29B,T-MOB1000425,4CE1290XZX,Windows 10 10.0.19045,0068.EBCC.AB86,23.11.1.140,10346,na,na,na,na,22H2,10.0.19045,Citrix Workspace 2311,3/12/2024 0:00,mlanoc
11,29C,T-MOB1000433,8CC91752F8,Windows 10 10.0.19045,C465.16B1.4A99,23.11.1.140,10298,na,na,na,na,22H2,10.0.19045,Citrix Workspace 2311,3/12/2024 0:00,mlanoc
11,29D,T-MOB1000490,B54JMJ3,Windows 10 10.0.19045,C025.A591.4787,23.11.1.140,11943,na,na,na,na,22H2,10.0.19045,Citrix Workspace 2311,3/12/2024 0:00,mlanoc
11,29E,T-MOB1000533,245JMJ3,Windows 10 10.0.19045,C025.A591.46A6,23.11.1.140,10189,na,na,na,na,22H2,10.0.19045,Citrix Workspace 2311,3/12/2024 0:00,mlanoc
11,29F,T-MOB1000529,5R4JMJ3,Windows 10 10.0.19045,C025.A591.42FF,23.11.1.140,10839,na,na,na,na,22H2,10.0.19045,Citrix Workspace 2311,3/12/2024 0:00,mlanoc
11,29G,T-MOB1000365,8X4JMJ3,Windows 10 10.0.19045,C025.A58A.6D67,23.11.1.140,10259,na,na,na,na,22H2,10.0.19045,Citrix Workspace 2311,3/12/2024 0:00,mlanoc
11,30A,T-MOB1000208,955JMJ3,Windows 10  10.0.19045,C0-25-A5-8A-64-07,23.11.1.140,11092,na,na,na,na,22H2,10.0.19045,Citrix Workspace 2311,3/12/2024 0:00,mlanoc
11,30B,T-MOB1000020,4CE1290XY9,Windows 10  10.0.19045,00-68-EB-CC-A4-0F,23.11.1.140,11454,na,na,na,na,22H2,10.0.19045,Citrix Workspace 2311,3/12/2024 0:00,mlanoc
11,30C,T-Mob100134,4CE1290XPF,Windows 10  10.0.19045,00-68-EB-CC-AD-7B,23.11.1.140,11101,na,na,na,na,22H2,10.0.19045,Citrix Workspace 2311,3/12/2024 0:00,mlanoc
11,30D,T-Mob1000057,4CE1290XY4,Windows 10  10.0.19045,00-68-EB-CC-AE-5C,23.11.1.140,11460,na,na,na,na,22H2,10.0.19045,Citrix Workspace 2311,3/12/2024 0:00,mlanoc
11,30E,T-Mob1000030,4CE1290XXF,Windows 10  10.0.19045,00-68-EB-CC-9C-51,23.11.1.140,"	11462",na,na,na,na,22H2,10.0.19045,Citrix Workspace 2311,3/12/2024 0:00,mlanoc
11,30F,T-MOB1001208,8CC1112GM1,Windows 10  10.0.19045,6C02.E09B.508B,23.11.1.140,10112,na,na,na,na,22H2,10.0.19045,Citrix Workspace 2311,3/12/2024 0:00,mlanoc
11,30G,T-Mob1000021,4CE1290XZF,Windows 10  10.0.19045,00-68-EB-CC-AE-86,23.11.1.140,11067,na,na,na,na,22H2,10.0.19045,Citrix Workspace 2311,3/12/2024 0:00,mlanoc
11,31A,T-MOB1000216X,894JMJ3,Windows 10  10.0.19045,C0-25-A5-91-4D-45,23.11.1.140,11972,na,na,na,na,22H2,10.0.19045,Citrix Workspace 2311,3/12/2024 0:00,mlanoc
11,31B,T-Mob1000974x,8CC1112GRV,Windows 10  10.0.19045,6C-02-E0-9B-45-F6,23.11.1.140,10123,na,na,na,na,22H2,10.0.19045,Citrix Workspace 2311,3/12/2024 0:00,mlanoc
11,31C,T-MOB1000081,6G4JMJ3,Windows 10  10.0.19045,C0-25-A5-8A-67-B8,23.11.1.140,11714,na,na,na,na,22H2,10.0.19045,Citrix Workspace 2311,3/12/2024 0:00,mlanoc
11,31D,T-MOB1000973X,8CC1112GNP,Windows 10  10.0.19045,6C-02-E0-9B-52-CA,23.11.1.140,10886,na,na,na,na,22H2,10.0.19045,Citrix Workspace 2311,3/12/2024 0:00,mlanoc
11,31E,T-MOB100135,4CE1290XRP,Windows 10  10.0.19045,00-68-EB-CC-A9-B5,23.11.1.140,11045,na,na,na,na,22H2,10.0.19045,Citrix Workspace 2311,3/12/2024 0:00,mlanoc
11,31F,T-MOB1000975,8CC1112GQN,Windows 10  10.0.19045,6C-02-E0-9B-45-91,23.11.1.140,10340,na,na,na,na,22H2,10.0.19045,Citrix Workspace 2311,3/12/2024 0:00,mlanoc
11,31G,T-MOB100084,4CE1290XYK,Windows 10  10.0.19045,00-68-EB-CC-AA-75,23.11.1.140,11225,na,na,na,na,22H2,10.0.19045,Citrix Workspace 2311,3/12/2024 0:00,mlanoc
11,32A,T-Mob1001004,8CC91752H0,Windows 10  10.0.19045,C4-65-16-B1-4A-95,23.11.1.140,10019,na,na,na,na,22H2,10.0.19045,Citrix Workspace 2311,3/12/2024 0:00,mlanoc
11,32B,T-MOB1001148,8CC0250FJ9,Windows 10  10.0.19045,BC-E9-2F-85-D5-CD,23.11.1.140,10169,na,na,na,na,22H2,10.0.19045,Citrix Workspace 2311,3/12/2024 0:00,mlanoc
11,32C,T-Mob1000215,8K4JMJ3,Windows 10  10.0.19045,C0-25-A5-91-4C-67,23.11.1.140,10192,na,na,na,na,22H2,10.0.19045,Citrix Workspace 2311,3/12/2024 0:00,mlanoc
11,32D,T-MOB1001223,8CC91752FW,Windows 10  10.0.19045,C4-65-16-B1-4B-61,23.11.1.140,10192,na,na,na,na,22H2,10.0.19045,Citrix Workspace 2311,3/12/2024 0:00,mlanoc
11,32E,T-Mob100150,4CE1290XP6,Windows 10  10.0.19045,00-68-EB-CC-AE-D5,23.11.1.140,10032,na,na,na,na,22H2,10.0.19045,Citrix Workspace 2311,3/12/2024 0:00,mlanoc
11,32F,T-Mob1001146,8CC91752HD,Windows 10  10.0.19045,C4-65-16-B1-48-07,23.11.1.140,11091,na,na,na,na,22H2,10.0.19045,Citrix Workspace 2311,3/12/2024 0:00,mlanoc
11,32G,T-Mob100142,4CE1290XXG,Windows 10  10.0.19045,00-68-EB-CC-98-05,23.11.1.140,10010,na,na,na,na,22H2,10.0.19045,Citrix Workspace 2311,3/12/2024 0:00,mlanoc
11,33A,T-Mob1000115,HB4JMJ3,Windows 10  10.0.19045,C0-25-A5-91-49-50,23.11.1.140,11585,na,na,na,na,22H2,10.0.19045,Citrix Workspace 2311,3/12/2024 0:00,mlanoc
11,33B,SPR300091,6CR4160W15,Windows 10  10.0.19045,A0-D3-C1-1D-8A-13,23.11.1.140,11160,na,na,na,na,22H2,10.0.19045,Citrix Workspace 2311,3/12/2024 0:00,mlanoc
11,33C,T-Mob1001322,4CE1290XWY,Windows 10  10.0.19045,00-68-EB-CC-9D-DE,23.11.1.140,11087,na,na,na,na,22H2,10.0.19045,Citrix Workspace 2311,3/12/2024 0:00,mlanoc
11,33D,T-Mob1001139,8CC1112GQ9,Windows 10  10.0.19045,6C-02-E0-9B-45-A1,23.11.1.140,10883,na,na,na,na,22H2,10.0.19045,Citrix Workspace 2311,3/12/2024 0:00,mlanoc
11,33E,T-Mob100146,4CE1290XP0,Windows 10  10.0.19045,00-68-EB-CC-96-E2,23.11.1.140,11118,na,na,na,na,22H2,10.0.19045,Citrix Workspace 2311,3/12/2024 0:00,mlanoc
11,33F,T-Mob100091,4CE1290Y1B,Windows 10  10.0.19045,00-68-EB-CC-B0-D7,23.11.1.140,11089,na,na,na,na,22H2,10.0.19045,Citrix Workspace 2311,3/12/2024 0:00,mlanoc
11,33G,T-Mob1001147,8CC0250FJP,Windows 10  10.0.19045,BC-E9-2F-85-D1-63,23.11.1.140,10246,na,na,na,na,22H2,10.0.19045,Citrix Workspace 2311,3/12/2024 0:00,mlanoc
11,34A,T-Mob1001324,8CC0250FC3,Windows 10  10.0.19045,BC-E9-2F-84-AD-F2,23.11.1.140,10279,na,na,na,na,22H2,10.0.19045,Citrix Workspace 2311,3/12/2024 0:00,mlanoc
11,34B,T-Mob1000093,6F4JMJ3,Windows 10  10.0.19045,C0-25-A5-88-FA-92,23.11.1.140,11736,na,na,na,na,22H2,10.0.19045,Citrix Workspace 2311,3/12/2024 0:00,mlanoc
11,34C,T-Mob1001002,8CC0250FK1,Windows 10  10.0.19045,BC-E9-2F-85-D3-B5,23.11.1.140,10093,na,na,na,na,22H2,10.0.19045,Citrix Workspace 2311,3/12/2024 0:00,mlanoc
11,34D,T-Mob100071,4CE1290XQK,Windows 10  10.0.19045,00-68-EB-CC-AF-22,23.11.1.140,11119,na,na,na,na,22H2,10.0.19045,Citrix Workspace 2311,3/12/2024 0:00,mlanoc
11,34E,T-Mob1000186,51TSNJ3,Windows 10  10.0.19045,C0-25-A5-91-44-26,23.11.1.140,10266,na,na,na,na,22H2,10.0.19045,Citrix Workspace 2311,3/12/2024 0:00,mlanoc
11,34F,T-Mob1000934,8CC91752GH,Windows 10  10.0.19045,C4-65-16-B1-4A-88,23.11.1.140,na,na,na,na,na,22H2,10.0.19045,Citrix Workspace 2311,3/12/2024 0:00,mlanoc
11,34G,T-Mob100102,4CE1290XSR,Windows 10  10.0.19045,00-68-EB-CC-B1-26,23.11.1.140,11037,na,na,na,na,22H2,10.0.19045,Citrix Workspace 2311,3/12/2024 0:00,mlanoc
11,35A,T-Mob1000997,8CC9220JHM,Windows 10  10.0.19045,80-E8-2C-11-A3-89,23.11.1.140,10363,na,na,na,na,22H2,10.0.19045,Citrix Workspace 2311,3/12/2024 0:00,mlanoc
11,35B,T-Mob1000936,4CE1290XS8,Windows 10  10.0.19045,00-68-EB-CC-AA-16,23.11.1.140,11283,na,na,na,na,22H2,10.0.19045,Citrix Workspace 2311,3/12/2024 0:00,mlanoc
11,35C,T-Mob1001008,8CC91752GG,Windows 10  10.0.19045,C4-65-16-B1-4A-89,23.11.1.140,11203,na,na,na,na,22H2,10.0.19045,Citrix Workspace 2311,3/12/2024 0:00,mlanoc
11,35D,T-Mob1000163,845JMJ3,Windows 10  10.0.19045,C0-25-A5-8A-64-19,23.11.1.140,10373,na,na,na,na,22H2,10.0.19045,Citrix Workspace 2311,3/12/2024 0:00,mlanoc
11,35E,T-Mob1001168,8CC0250FJZ,Windows 10  10.0.19045,BC-E9-2F-85-D3-B7,23.11.1.140,10328,na,na,na,na,22H2,10.0.19045,Citrix Workspace 2311,3/12/2024 0:00,mlanoc
11,35F,T-Mob1000376,90TSNJ3,Windows 10  10.0.19045,C0-25-A5-91-47-A4,23.11.1.140,11643,na,na,na,na,22H2,10.0.19045,Citrix Workspace 2311,3/12/2024 0:00,mlanoc
11,35G,T-Mob1000998x,8CC0250F9N,Windows 10  10.0.19045,BC-E9-2F-84-AC-AB,23.11.1.140,10181,na,na,na,na,22H2,10.0.19045,Citrix Workspace 2311,3/12/2024 0:00,mlanoc
11,36A,T-MOB1000947,4CE1290XS5,Windows 10  10.0.19045,0068.EBCC.AB80,23.11.1.140,11291,na,na,na,na,22H2,10.0.19045,Citrix Workspace 2311,3/12/2024 0:00,mlanoc
11,36B,T-MOB1000761,8CC9325F55,Windows 10  10.0.19045,F8B4.6AAC.90DD,23.11.1.140,10187,na,na,na,na,22H2,10.0.19045,Citrix Workspace 2311,3/12/2024 0:00,mlanoc
11,36C,T-MOB1001369,4CE1290XWJ,Windows 10  10.0.19045,0068.EBCC.9A6D,23.11.1.140,11035,na,na,na,na,22H2,10.0.19045,Citrix Workspace 2311,3/12/2024 0:00,mlanoc
11,36D,T-MOB1000062,8CC046065Z,Windows 10  10.0.19045,F80D.AC1C.F080,23.11.1.140,10002,na,na,na,na,22H2,10.0.19045,Citrix Workspace 2311,3/12/2024 0:00,mlanoc
11,36E,T-MOB100069,4CE1290Y1Q,Windows 10  10.0.19045,00-68-EB-CC-9A6D,23.11.1.140,11113,na,na,na,na,22H2,10.0.19045,Citrix Workspace 2311,3/12/2024 0:00,mlanoc
11,36F,T-MOB1000165,1H4JMJ3,Windows 10  10.0.19045,C025.A58A.67CF,23.11.1.140,10103,na,na,na,na,22H2,10.0.19045,Citrix Workspace 2311,3/12/2024 0:00,mlanoc
11,36G,T-MOB1001012,8CC0250FK4,Windows 10  10.0.19045,BCE9.2F85.D164,23.11.1.140,10767,na,na,na,na,22H2,10.0.19045,Citrix Workspace 2311,3/12/2024 0:00,mlanoc
